UUID,Timestamp,Actor,Event Type,Text,Gift,Prev Hash,Record Hash,Status,Provision IDs,Provision Titles,Provision Snippets,Provision URLs,Citation Hash,Signal_Tag,Signal_Status,Signal_Action,Signal_Result,,,,,,,,,,,,,,,,,
e39a8b8b-ef32-4330-b9fb-ec10de50a53d,2025-11-02T00:51:20.321Z,User,LOGIN,User logged in,Pro Tip: Document decisions as you make them.,,6df60798f140cd31aef92ccd8ea2fc5f913d448d2db5c36ed4c6a6073bc919f2,VERIFIED,,,,,,,,,,,,,,,,,,,,,,,,,,
6c0d3775-5ac5-46d2-adb2-21c2d139de99,2025-11-02T03:09:53.068Z,User,LOGIN,User logged in,Fun Fact: IRS audits less than 1% of returns.,6df60798f140cd31aef92ccd8ea2fc5f913d448d2db5c36ed4c6a6073bc919f2,c12445057098b46608d77c6cafb4753cda59894d3c9daaea12c0faba7d2d585c,VERIFIED,,,,,,,,,,,,,,,,,,,,,,,,,,
1ce617e0-3ee7-437e-8257-baa9cbfc88f8,2025-11-02T03:10:16.730Z,User,LOGIN,User logged in,Best Practice: Review regulations quarterly.,c12445057098b46608d77c6cafb4753cda59894d3c9daaea12c0faba7d2d585c,75187a4330c83053c8f7bbadd53f0da53462b54c57d36ba714ece996c6e630c4,VERIFIED,,,,,,,,,,,,,,,,,,,,,,,,,,
d4bded67-d700-4cf1-bde3-562e0d99ea4a,2025-11-02T03:19:24.987Z,User,LOGIN,User logged in,"Estimated payments made with grace,
Quarterly filings keep the pace,
No penalties shall you face.",75187a4330c83053c8f7bbadd53f0da53462b54c57d36ba714ece996c6e630c4,2017212fcd66386e88cb003bd284adb799c2315b2aff6b5d97f35401fc6c93b5,VERIFIED,,,,,,,,,,,,,,,,,,,,,,,,,,
b95e1e11-6584-4ed4-99dd-f8d5519d1d12,2025-11-02T17:39:06.464Z,System,BOOT,Ledger verified,,2017212fcd66386e88cb003bd284adb799c2315b2aff6b5d97f35401fc6c93b5,fc88d2160722db5b45b7a1861a2a7ea30d55dff76702b32c1c231f3f875e07ad,FINAL,,,,,no_citations,,,,,,,,,,,,,,,,,,,,,
942eb263-5590-40c2-bd24-c1cebbdfdbcf,2025-11-02T18:03:09.736Z,System,,,,fc88d2160722db5b45b7a1861a2a7ea30d55dff76702b32c1c231f3f875e07ad,b1c0d8932e8074c148c7e77858a16a743239f043ee113e9d006d71c6a2b16f47,,,,,,,,,,,,,,,,,,,,,,,,,,,
feb78991-f819-42c0-a020-d51cd5fc2925,2025-11-02T19:00:39.780Z,System,,,,b1c0d8932e8074c148c7e77858a16a743239f043ee113e9d006d71c6a2b16f47,3ea88fd19f46c47e7719d6d195d45cc7e425d89fba7b09a84c44636b979e4e04,,,,,,,,,,,,,,,,,,,,,,,,,,,
c4096362-fb57-49ae-b79e-5bbd3cd97a70,2025-11-02T19:41:28.555Z,System,API_TEST,Test entry from API endpoint,Testing is caring,3ea88fd19f46c47e7719d6d195d45cc7e425d89fba7b09a84c44636b979e4e04,6d0185b3d2d1d37becc07d05016ee434cca86fe35178a50858e8834354d3c976,DRAFT,,,,,no_citations,,,,,,,,,,,,,,,,,,,,,
0ac12ec7-116d-4c56-bcd6-a9c930984211,2025-11-02T19:55:06.364Z,System,API_TEST_LIVE,Newton endpoint external test,none,6d0185b3d2d1d37becc07d05016ee434cca86fe35178a50858e8834354d3c976,a5c31b9b546e29d4bb8c5818e444d6eb4cc670d8467e93d24543ec2aca00a5d9,DRAFT,,,,,no_citations,,,,,,,,,,,,,,,,,,,,,
9c5ffb2a-faf9-4f55-94a5-10fa5c643547,2025-12-09T03:21:28.121Z,User,AEGIS_AUDIT,"[FATAL]: Primary Server Log and Backup System Log conflict on Restoration Complete time by 35 minutes, 25 seconds. [HIGH]: Incident Report claims ""efficient"" restoration contradicted by A-Class logs. [VOID_DETECTED]: Missing log artifact for 28-minute gap between Server Log ""Restoration complete"" (02:47:22) and Backup Log ""Restoration process started"" (03:15:01). [VOID_DETECTED]: Missing log artifact explaining ""Auto-failover"" at 02:15:34. [ADVERSARIAL_SUSPICION]: Document 3 (Incident Report Email) attempts to normalize non-linear timeline.",Pro Tip: Document decisions as you make them.,a5c31b9b546e29d4bb8c5818e444d6eb4cc670d8467e93d24543ec2aca00a5d9,cee9ccfef32917dac4eccbd55d488d26deb8691642b1b3382266025256037f4c,DRAFT,,,,,no_citations,[VOID_DETECTED],ESCALATED,Artifact found in Drive,FALSE POSITIVE - unrelated document. Original: Found: In her introduction she efficiently mentions that if she.docx,,,,,,,,,,,,,,,,,
9235d9df-c654-4ebf-acef-0600f9f90d45,2025-12-09T03:53:29.852Z,User,AEGIS_TEST_2,"[VOID_DETECTED]: Missing ""server_backup_log"" between 02:47 and 03:15",Pro Tip: Document decisions as you make them.,cee9ccfef32917dac4eccbd55d488d26deb8691642b1b3382266025256037f4c,8ce27472cbeb15c04a77a20b58927a02750cdc8957fa308228c6d14cc61b7950,DRAFT,,,,,no_citations,[VOID_DETECTED],ESCALATED,Artifact not found,"Searched for ""server_backup_log"" - no matches. VOID CONFIRMED.",,,,,,,,,,,,,,,,,
ab6785c0-0314-4b3d-950e-ba3d20690568,2025-12-09T08:26:57.821Z,User,AEGIS_AUDIT,"Incident severity	45,000 records purged, backup failed, recovery timeout	""Minor latency issue""	HIGH	Treat as major incident per log (Class A). Recovery status	""Backup verification: FAILED""; ""Recovery attempt: TIMEOUT""	""System auto‑recovered. No action needed.""	HIGH	Email assertion rejected; log prevails.  [VOID_DETECTED]: Missing Incident Ticket / Post-Incident Report [VOID_DETECTED]: Missing Backup System Logs [VOID_DETECTED]: Missing Recovery/Remediation Logs [VOID_DETECTED]: Missing Change Management Records","Credits earned through solar power,
Save them for the filing hour,
Watch your tax burden start to cower.",8ce27472cbeb15c04a77a20b58927a02750cdc8957fa308228c6d14cc61b7950,dd13b987b42e58ae7541bbf33bd2f55882c6acda1a70e1a9f28475b91950fbf6,DRAFT,,,,,no_citations,[VOID_DETECTED],ESCALATED,Artifact not found,"Searched for ""Minor latency issue"" - no matches. VOID CONFIRMED.",,,,,,,,,,,,,,,,,
7ebd487f-0756-4aad-8e41-ce44b4ccc8cd,2025-12-09T08:52:04.249Z,User,aegis-audit54,"Nature of incident	45,000 records purged; backup failed; recovery timed out	""Minor latency issue""	[HIGH]	Treat as major failure per log; email discarded Severity classification	Major data operation anomaly	Latency only	[HIGH]	Class as data-loss / critical incident  [MISSING ARTIFACT]: Incident Ticket / Ops Incident Report [MISSING ARTIFACT]: Backup System Logs / Snapshot History [MISSING ARTIFACT]: Recovery Procedure Execution Log or Manual Intervention Record",Pro Tip: Document decisions as you make them.,dd13b987b42e58ae7541bbf33bd2f55882c6acda1a70e1a9f28475b91950fbf6,283ba6020725aa934dd34fee223404f94ceec7a3cc424d065860b1d08b163452,DRAFT,,,,,no_citations,[MISSING ARTIFACT],ESCALATED,Unknown signal type,Requires manual review,,,,,,,,,,,,,,,,,
d653c67e-a0ef-47e6-8bd7-08b330f169b3,2025-12-09T10:03:12.956Z,User,aegis_audit," Nature of incident	45,000 records purged; backup verification failed	“Minor latency issue”	HIGH	Treat as major data-loss event per logs System recovery state	Backup FAILED; recovery attempt TIMEOUT (no success)	“System auto-recovered”	HIGH	Discard email claim; no evidence of success  [VOID_DETECTED]: Post-incident backup logs or snapshots confirming any later successful restore are absent. [VOID_DETECTED]: Incident ticket or on-call report documenting investigation and remediation is absent. [VOID_DETECTED]: Change-management or job-execution record explaining why 45,000 records were purged is absent.",Compliance Trick: Log expenses immediately.,283ba6020725aa934dd34fee223404f94ceec7a3cc424d065860b1d08b163452,856e6f0a10581a781461af5262cfc252010912f77bc7362ce63fac377d1ca22e,DRAFT,,,,,no_citations,[VOID_DETECTED],ESCALATED,Could not parse artifact name,Manual search required: Post-incident backup logs or snapshots confirming any later successful restore are absent.,,,,,,,,,,,,,,,,,
ce888114-5769-41d6-9b26-70d2f9d968a9,2025-12-09T10:16:29.037Z,User,AEGIS_AUDIT114,"Impact type	45,000 records purged from production	""Just a minor latency issue""	HIGH	Prefer Class A log: data loss event Recovery outcome	""Backup verification: FAILED""; ""Recovery attempt: TIMEOUT""	""System auto-recovered""	HIGH	Prefer Class A log: recovery failed [VOID_DETECTED]: INCIDENT_TICKET | Incident/alert record for 02:14 UTC purge and subsequent failures [VOID_DETECTED]: CHANGE_RECORD | Approved change or job definition authorizing purge of 45,000 production records [VOID_DETECTED]: APPROVAL_DOC | Managerial or change-management approval for destructive action affecting 45,000 records [VOID_DETECTED]: BACKUP_LOG | Prior successful backup job confirmation covering the purged 45,000 records",Tax Tip: Save receipts for 7 years.,856e6f0a10581a781461af5262cfc252010912f77bc7362ce63fac377d1ca22e,9d4b7c66b64116152f4ea8aa22baa3519f8300c84bac2affded1d05f7c606bd3,DRAFT,,,,,no_citations,[VOID_DETECTED],ESCALATED,Artifact not found,"Searched for ""Just a minor latency issue"" - no matches. VOID CONFIRMED.",,,,,,,,,,,,,,,,,
7061b30f-c912-4f43-b35f-73ee74498ef3,2025-12-09T10:19:59.950Z,User,AEGIS_AUDIT115,"Incident severity	45,000 records purged; backup verification FAILED; recovery TIMEOUT	""Just a minor latency issue overnight""	HIGH	Treat Source A as authoritative Recovery outcome	Recovery attempt: TIMEOUT (no confirmed success)	""System auto-recovered. No action needed.""	HIGH	Discard B; no evidence of success in A  [VOID_DETECTED]: BACKUP_LOG | Post-purge backup snapshot or restore confirmation for March 15, 2024, after 02:14:35 UTC [VOID_DETECTED]: INCIDENT_TICKET | Formal incident or outage record corresponding to the 45,000-record purge on March 15, 2024 [VOID_DETECTED]: CHANGE_RECORD | Authorized change or job definition that explains the purge of 45,000 production records at 02:14:33 UTC",Pro Tip: Document decisions as you make them.,9d4b7c66b64116152f4ea8aa22baa3519f8300c84bac2affded1d05f7c606bd3,06a119bc7fd28c2d16b4174a62a965d5f8202126c85e4a124734f708eb6f94bd,DRAFT,,,,,no_citations,[VOID_DETECTED],ESCALATED,Artifact not found,"Searched for ""Just a minor latency issue overnight"" - no matches. VOID CONFIRMED.",,,,,,,,,,,,,,,,,
b2960d5d-c23d-49b2-89c4-2141241903f5,2025-12-09T10:23:06.367Z,User,AEGIS_AUDIT116,"System state post‑purge	Backup verification: FAILED; Recovery attempt: TIMEOUT	“System auto‑recovered. No action needed.”	HIGH	Prefer Class A log; discard unverified email. Impact characterization	Implicit: critical failure (no successful backup or recovery)	“Just a minor latency issue overnight.”	HIGH	Log states non‑trivial failure; email null. [VOID_DETECTED]: BACKUP_LOG | Any entry confirming a successful backup after 02:14:34 UTC [VOID_DETECTED]: AUDIT_TRAIL | Post‑incident technical report reconciling log failures with Steve’s “auto‑recovered” claim [VOID_DETECTED]: INCIDENT_TICKET | Formal ticket documenting the purge event, failure, and subsequent handling","Deductions claimed with care and thought,
Receipts preserved as they ought,
Tax season handled, battles fought.",06a119bc7fd28c2d16b4174a62a965d5f8202126c85e4a124734f708eb6f94bd,06c0262b65025921b0bedf0dc9282cea7a37ee19aa220005ab9448ac99bc6937,DRAFT,,,,,no_citations,[VOID_DETECTED],ESCALATED,Could not parse artifact name,Manual search required: BACKUP_LOG | Any entry confirming a successful backup after 02:14:34 UTC,,,,,,,,,,,,,,,,,
c16bfeed-0bf6-45dd-b7e4-34a8223f08ba,2025-12-09T10:35:04.415Z,User,AEGIS_AUDIT167," Nature of event	Mass purge, failed backup verification, recovery timeout	""Minor latency issue""	HIGH	Accept Server Log; email is unverified [VOID_DETECTED]: INCIDENT_TICKET | Incident/alert record describing the 02:14–02:15 UTC purge and failed recovery [VOID_DETECTED]: CHANGE_RECORD | Authorized change or job description that explains the purge of 45,000 production records",Compliance Trick: Log expenses immediately.,06c0262b65025921b0bedf0dc9282cea7a37ee19aa220005ab9448ac99bc6937,0705ba379a78a820c1ff534f8a180de112fbb4da1d45a7344b322c5eb9005361,DRAFT,,,,,no_citations,[VOID_DETECTED],ESCALATED,Artifact not found,"Searched for ""Minor latency issue"" - no matches. VOID CONFIRMED.",,,,,,,,,,,,,,,,,
,,,,,,,,,,,,,,,,,8a653193-b0d8-4ddf-aa5e-f864b81f5337,2025-12-09T10:41:41.562Z,User,aegis995," Nature of event	Mass purge, failed backup verification, recovery timeout	""Minor latency issue""	HIGH	Accept Server Log; email is unverified [VOID_DETECTED]: INCIDENT_TICKET | Incident/alert record describing the 02:14–02:15 UTC purge and failed recovery [VOID_DETECTED]: CHANGE_RECORD | Authorized change or job description that explains the purge of 45,000 production records",Compliance Trick: Log expenses immediately.,0705ba379a78a820c1ff534f8a180de112fbb4da1d45a7344b322c5eb9005361,d87fb3b62eea86058406da61a2c8f0ab377e58c71a8ab63e01a6768ba30eb508,DRAFT,,,,,no_citations,[VOID_DETECTED],ESCALATED,Artifact not found,"Searched for ""Minor latency issue"" - no matches. VOID CONFIRMED."
,,,,,,,,,,,,,,,,,9f4b28c8-0458-4bf7-bfd3-3c3db859a1f6,2025-12-09T12:24:23.822Z,User,aegis final," Nature of event	Mass purge, failed backup verification, recovery timeout	""Minor latency issue""	HIGH	Accept Server Log; email is unverified [VOID_DETECTED]: INCIDENT_TICKET | Incident/alert record describing the 02:14–02:15 UTC purge and failed recovery [VOID_DETECTED]: CHANGE_RECORD | Authorized change or job description that explains the purge of 45,000 production records",Tax Tip: Save receipts for 7 years.,d87fb3b62eea86058406da61a2c8f0ab377e58c71a8ab63e01a6768ba30eb508,bbf9c2a265db1a0f8816e403dce02a62bedccafc268a960f6756f675c2632dcc,DRAFT,,,,,no_citations,[VOID_DETECTED],ESCALATED,Artifact not found,"Searched for ""INCIDENT_TICKET"" - no matches. VOID CONFIRMED."
,,,,,,,,,,,,,,,,,2d322cab-ada0-4cad-aa7f-d8c681a8538c,2025-12-09T12:26:04.979Z,User,aegis final 2,"Required response/action	Implicit need for investigation and remediation	“No action needed”	HIGH	Operational stance in B conflicts with A Impact on data integrity	Implied major data-loss risk (production records purged)	Implied no data loss, only temporary latency	HIGH	Treat as unresolved data-loss risk [VOID_DETECTED]: INCIDENT_TICKET | Any formal incident or outage ticket referencing the 45,000-record purge at 02:14 UTC [VOID_DETECTED]: CHANGE_RECORD | Any change or job record describing why 45,000 production records were purged at 02:14:33 UTC [VOID_DETECTED]: BACKUP_LOG | Post-02:14:35 UTC backup/restore logs confirming a successful restore of the purged 45,000 records",Tax Tip: Save receipts for 7 years.,bbf9c2a265db1a0f8816e403dce02a62bedccafc268a960f6756f675c2632dcc,9e4139943534972d26fbab8b1fdf9c53203f015883b0354661bc14016c7811d2,DRAFT,,,,,no_citations,[VOID_DETECTED],ESCALATED,Artifact not found,"Searched for ""INCIDENT_TICKET"" - no matches. VOID CONFIRMED."
,,,,,,,,,,,,,,,,,3c8ef6d6-1f62-48b2-8613-4b566fb2b906,2025-12-09T12:31:26.840Z,User,Aegis Final 114,"Incident severity	45,000 records purged; backup failed; recovery timeout	“Minor latency issue”	HIGH	Prefer Source A (Class A > Class B) Required follow-up	Implied need for remediation and investigation	“No action needed.”	HIGH	Prefer Source A (Class A > Class B) [VOID_DETECTED]: INCIDENT_TICKET | Any formal incident/alert record opened in response to 45,000-record purge and failed recovery on 2024-03-15 around 02:14 UTC [VOID_DETECTED]: CHANGE_RECORD | Approved change or maintenance record authorizing purge of 45,000 production records on 2024-03-15 around 02:14 UTC [VOID_DETECTED]: BACKUP_LOG | Post-02:14 UTC backup or snapshot log confirming whether data was successfully restored after initial recovery timeout",Compliance Trick: Log expenses immediately.,9e4139943534972d26fbab8b1fdf9c53203f015883b0354661bc14016c7811d2,53c4014075e1f0ffe508eedb2c277575a4b9954bd1ab06b9c8ba160cfed88749,DRAFT,,,,,no_citations,[VOID_DETECTED],ESCALATED,Artifact not found,"Searched for ""INCIDENT_TICKET"" - no matches. VOID CONFIRMED."
,,,,,,,,,,,,,,,,,7f364d50-b527-41b4-9348-cfca541a01cf,2025-12-09T12:40:51.785Z,User,Aegis final 117,"Nature of incident	""45,000 records purged"" + backup failure + failed recovery	""just a minor latency issue""	HIGH	Treat as major data-loss event; discard B here Recovery status	""Backup verification: FAILED"" and ""Recovery attempt: TIMEOUT""	""System auto-recovered. No action needed.""	HIGH	Logs show failed recovery; email unverified [VOID_DETECTED]: INCIDENT_TICKET | Any formal incident ticket referencing the March 15, 2024 02:14 UTC purge and failed backup [VOID_DETECTED]: CHANGE_RECORD | Record of the job/process or deployment that triggered the purge of 45,000 production records",Pro Tip: Document decisions as you make them.,53c4014075e1f0ffe508eedb2c277575a4b9954bd1ab06b9c8ba160cfed88749,e6cc48e652157375ec94fae68af2f9f1579eaf72e2815683a0193ca0c3fc2e00,DRAFT,Live demonstration: https://youtu.be/IfU0EK968eA,,,,no_citations,[VOID_DETECTED],ESCALATED,Artifact not found,"Searched for ""INCIDENT_TICKET"" - no matches. VOID CONFIRMED."
,,,,,,,,,,,,,,,,,7bc71642-945d-4a18-965a-14fa1439cf23,2025-12-09T13:13:23.478Z,User,Aegis 22," Nature of incident	45,000 records purged; backup verification failed; timeout	“minor latency issue”	HIGH	Accept A, discard B characterization Recovery status	Recovery attempt: TIMEOUT (no success recorded)	“System auto-recovered”	HIGH	Accept A, treat B as unverified  [VOID_DETECTED]: INCIDENT_TICKET | Any incident/alert ticket corresponding to 02:14–02:20 UTC purge, backup failure, and timeout [VOID_DETECTED]: CHANGE_RECORD | Record of the change/process that triggered purge of 45,000 production records","Depreciate that asset fine,
Track the basis, toe the line,
Your future self will think divine.",e6cc48e652157375ec94fae68af2f9f1579eaf72e2815683a0193ca0c3fc2e00,e7adcf98d5aea266daf2cc4449101b68b7f33b14da01057a829eb8c91b665d18,DRAFT,,,,,no_citations,[VOID_DETECTED],ESCALATED,Artifact not found,"Searched for ""INCIDENT_TICKET"" - no matches. VOID CONFIRMED."
,,,,,,,,,,,,,,,,,9127437c-9f78-485a-a06b-05a0dd11107a,2025-12-09T16:55:11.471Z,User,LOGIN,User logged in,"Credits earned through solar power,
Save them for the filing hour,
Watch your tax burden start to cower.",e7adcf98d5aea266daf2cc4449101b68b7f33b14da01057a829eb8c91b665d18,037795f75199b294d8d54eb349de6bccc4dd3ad5d0b2d5d78082519abcb6c7eb,VERIFIED,,,,,no_citations,,,,
,,,,,,,,,,,,,,,,,e61a8f49-b107-4bc1-8546-80f71de4a038,2025-12-10T16:55:12.867Z,User,LOGIN,User logged in,Tax Tip: Save receipts for 7 years.,037795f75199b294d8d54eb349de6bccc4dd3ad5d0b2d5d78082519abcb6c7eb,9a2b6bcc9ff4baff65e7f29a3b43dadb2b32c6a68b14053a6b27398d766662a2,VERIFIED,,,,,no_citations,,,,
,,,,,,,,,,,,,,,,,ef08cd29-6aaa-4dd5-bee9-e87863651704,2025-12-11T16:55:13.906Z,User,LOGIN,User logged in,Pro Tip: Document decisions as you make them.,9a2b6bcc9ff4baff65e7f29a3b43dadb2b32c6a68b14053a6b27398d766662a2,bd686a3aac53287039e45a77b1e780254a782c1c1c1c06527b3b03c8f2751e44,VERIFIED,,,,,no_citations,,,,
,,,,,,,,,,,,,,,,,2628b13c-700d-4966-a97d-d9fdddad17ca,2025-12-12T16:55:11.044Z,User,LOGIN,User logged in,Tax Tip: Save receipts for 7 years.,bd686a3aac53287039e45a77b1e780254a782c1c1c1c06527b3b03c8f2751e44,7b6401dad1ca96f9df71b1b6cf46f8c88e2c7253fa756070febf2a97c6309e24,VERIFIED,,,,,no_citations,,,,
,,,,,,,,,,,,,,,,,ae5031a5-d420-4bb6-bed5-93c989fa06f1,2025-12-13T16:55:10.762Z,User,LOGIN,User logged in,Tax Tip: Save receipts for 7 years.,7b6401dad1ca96f9df71b1b6cf46f8c88e2c7253fa756070febf2a97c6309e24,104b5f550c6c518c2a770fea28ca699b9cb76a7b8e379361d8c81086e52aed0e,VERIFIED,,,,,no_citations,,,,
,,,,Hi. ,,,,,,,,,,,,,2e6849ff-b0c8-462e-86d1-80290334d647,2025-12-14T16:55:09.362Z,User,LOGIN,User logged in,"Deductions claimed with care and thought,
Receipts preserved as they ought,
Tax season handled, battles fought.",104b5f550c6c518c2a770fea28ca699b9cb76a7b8e379361d8c81086e52aed0e,945a2c28b520050225acd8a355884491380192c4699db1c88628b94b26fd135d,VERIFIED,,,,,no_citations,,,,
,,,,,,,,,,,,,,,,,f5e92d93-15fd-4235-a382-71575267fad7,2025-12-15T16:55:10.690Z,User,LOGIN,User logged in,Tax Tip: Save receipts for 7 years.,945a2c28b520050225acd8a355884491380192c4699db1c88628b94b26fd135d,6ead910ad2148f739fe5fc678be2da3d1e726b602030fefa90ba5a3cc0de9257,VERIFIED,,,,,no_citations,,,,
,,User,,,,,,,,,,,,,,,d47cf589-9e1d-4623-951b-40bba348eadf,2025-12-16T16:55:13.086Z,User,LOGIN,User logged in,Compliance Trick: Log expenses immediately.,6ead910ad2148f739fe5fc678be2da3d1e726b602030fefa90ba5a3cc0de9257,760f6bae60432a77055dccb376ae75af12f8545f1387831fa900f3486b9bc3d3,VERIFIED,,,,,no_citations,,,,